{
  "version": "1.0-profile",
  "trained_on": "2026-02-14T00:43:44.992066",
  "total_companies": 5605302,
  "auc_roc": 0.9667,
  "base_rates": {
    "0.5_0_dormant": 3.3e-05,
    "0.5_0_micro": 0.000245,
    "0.5_0_small": 0.000158,
    "0.5_0_full": 0.000328,
    "0.5_1_dormant": 1.8e-05,
    "0.5_1_micro": 0.000162,
    "0.5_1_small": 7.8e-05,
    "0.5_1_full": 0.000245,
    "1_0_dormant": 5.1e-05,
    "1_0_micro": 0.000294,
    "1_0_small": 0.00016,
    "1_0_full": 0.000467,
    "1_1_dormant": 3.3e-05,
    "1_1_micro": 0.000162,
    "1_1_small": 0.000114,
    "1_1_full": 0.000303,
    "2_0_dormant": 0.000311,
    "2_0_micro": 0.001256,
    "2_0_small": 0.000757,
    "2_0_full": 0.001577,
    "2_1_dormant": 0.000197,
    "2_1_micro": 0.000671,
    "2_1_small": 0.000561,
    "2_1_full": 0.001178,
    "3_0_dormant": 0.000328,
    "3_0_micro": 0.001347,
    "3_0_small": 0.000877,
    "3_0_full": 0.001876,
    "3_1_dormant": 0.000195,
    "3_1_micro": 0.000861,
    "3_1_small": 0.000455,
    "3_1_full": 0.001273,
    "5_0_dormant": 0.000741,
    "5_0_micro": 0.003156,
    "5_0_small": 0.001933,
    "5_0_full": 0.004358,
    "5_1_dormant": 0.000363,
    "5_1_micro": 0.00189,
    "5_1_small": 0.001421,
    "5_1_full": 0.002731,
    "8_0_dormant": 0.000913,
    "8_0_micro": 0.004135,
    "8_0_small": 0.002634,
    "8_0_full": 0.005118,
    "8_1_dormant": 0.000455,
    "8_1_micro": 0.002561,
    "8_1_small": 0.001707,
    "8_1_full": 0.003838,
    "12_0_dormant": 0.001276,
    "12_0_micro": 0.004753,
    "12_0_small": 0.003193,
    "12_0_full": 0.005982,
    "12_1_dormant": 0.000976,
    "12_1_micro": 0.003838,
    "12_1_small": 0.002463,
    "12_1_full": 0.004643,
    "20_0_dormant": 0.001276,
    "20_0_micro": 0.005196,
    "20_0_small": 0.003494,
    "20_0_full": 0.006095,
    "20_1_dormant": 0.001175,
    "20_1_micro": 0.003844,
    "20_1_small": 0.00248,
    "20_1_full": 0.004989,
    "50_0_dormant": 0.00167,
    "50_0_micro": 0.005282,
    "50_0_small": 0.003736,
    "50_0_full": 0.006214,
    "50_1_dormant": 0.001347,
    "50_1_micro": 0.004259,
    "50_1_small": 0.00274,
    "50_1_full": 0.005884
  },
  "adjustments": {
    "accounts_overdue": 32.9204,
    "num_outstanding_charges": 0.7901,
    "days_since_filing_200": 13.5513,
    "days_since_filing_400": 1.0,
    "days_since_filing_600": 2.9535,
    "days_since_filing_800": 1.3262,
    "days_since_filing_1200": 1.6047,
    "num_charges_0": 1.0,
    "num_charges_1": 1.6833,
    "num_charges_3": 2.1133,
    "num_charges_5": 2.1133,
    "num_charges_10": 1.8392
  },
  "sector_rates": {
    "1": 0.000749,
    "10": 0.001599,
    "20": 0.001911,
    "25": 0.002432,
    "41": 0.001836,
    "42": 0.001836,
    "43": 0.001836,
    "45": 0.001761,
    "46": 0.001761,
    "47": 0.001754,
    "49": 0.001492,
    "55": 0.002195,
    "56": 0.004689,
    "62": 0.003118,
    "64": 0.003118,
    "66": 0.002927,
    "68": 0.001196,
    "69": 0.001615,
    "70": 0.003169,
    "71": 0.002537,
    "73": 0.002537,
    "74": 0.002537,
    "77": 0.002531,
    "78": 0.002731,
    "80": 0.002531,
    "82": 0.002707,
    "85": 0.001503,
    "86": 0.001754,
    "93": 0.001463,
    "96": 0.001526
  },
  "baseline_prob": 0.003118,
  "age_buckets": [
    0.5,
    1,
    2,
    3,
    5,
    8,
    12,
    20,
    50
  ],
  "features": [
    "age_years",
    "sic_2digit",
    "acc_dormant",
    "acc_micro",
    "acc_small",
    "acc_full",
    "is_plc",
    "is_llp",
    "num_charges",
    "num_outstanding",
    "accounts_overdue",
    "days_since_filing",
    "high_risk_sector"
  ]
}